final_theme_family,n_posts,mean_valence,mean_confidence,negative,neutral,positive
authenticity_platforms,198,-0.5303030303030303,0.7014735953675376,55.05050505050505,42.92929292929293,2.0202020202020203
education_governance,98,-0.37755102040816324,0.6889722733473291,39.795918367346935,58.16326530612245,2.0408163265306123
lab_politics_trust,484,-0.3367768595041322,0.6880507309697876,39.46280991735537,54.75206611570248,5.785123966942149
creative_labour,65,-0.3230769230769231,0.6823833713164696,43.07692307692308,46.15384615384615,10.76923076923077
military_security,165,-0.296969696969697,0.6928036339355238,32.121212121212125,65.45454545454545,2.4242424242424243
labour_jobs,584,-0.22945205479452055,0.6765333143611477,31.335616438356162,60.273972602739725,8.39041095890411
policy_regulation,155,-0.12258064516129032,0.7221540816368596,16.7741935483871,78.70967741935485,4.516129032258064
normative_ethics,99,-0.1111111111111111,0.7200077462075937,15.151515151515152,80.8080808080808,4.040404040404041
technical_safety,832,-0.03245192307692308,0.700661177890232,14.423076923076922,74.39903846153845,11.177884615384617
philosophy_personhood,130,-0.015384615384615385,0.7370811556394283,10.0,81.53846153846153,8.461538461538462
business_markets,494,0.12550607287449392,0.6908286992716886,11.94331983805668,63.56275303643725,24.493927125506072
regional_policy_progress,130,0.16923076923076924,0.7078365225058335,13.076923076923078,56.92307692307692,30.0
